﻿<?xml version="1.0" encoding="utf-8"?>
<Games>
  <Game name="Glacier 2">
    <XYFile file="c:\stars\active\glr2.xy"/>
    <xPFile file="c:\stars\active\glr2.p4"/>
    <HFile file="c:\stars\active\glr2.h1"/>
    <MFile file="c:\stars\active\glr2.m1"/>
    <HSTFile file="c:\stars\active\glacier2\g.hst"/>
    <Player no="2">
      <RaceFile file="c:\stars\active\glacier2\Shadows.r1"/>
      <Energy value="16"/>
      <Weapons value="19"/>
      <Propulsion value="17"/>
      <Construction value="14"/>
      <Electronics value="15"/>
      <Biology value="13"/>
      <xShipDesign value="1" slots="11">
        <Name value="Epsilon BB"/>
        <Hull value="9" description="BB"/>
        <Slot no="1" categoryid="1" itemid="14" itemcount="2" description="TGMScoop"/>
        <Slot no="2" categoryid="2048" itemid="6" itemcount="1" description="BSC"/>
        <Slot no="3" categoryid="4" itemid="5" itemcount="8" description="Bear"/>
        <Slot no="4" categoryid="32" itemid="3" itemcount="6" description="Epsilon"/>
        <Slot no="5" categoryid="32" itemid="3" itemcount="6" description="Epsilon"/>
        <Slot no="6" categoryid="32" itemid="3" itemcount="2" description="Epsilon"/>
        <Slot no="7" categoryid="32" itemid="3" itemcount="2" description="Epsilon"/>
        <Slot no="8" categoryid="32" itemid="3" itemcount="4" description="Epsilon"/>
        <Slot no="10" categoryid="2048" itemid="6" itemcount="3" description="BSC"/>
        <Slot no="11" categoryid="2048" itemid="6" itemcount="3" description="BSC"/>
      </xShipDesign>
    </Player>
    <Player no="3">
      <RaceFile file="c:\stars\active\glacier2\Xeelee.r1"/>
      <Energy value="11"/>
      <Weapons value="17"/>
      <Propulsion value="17"/>
      <Construction value="14"/>
      <Electronics value="15"/>
      <Biology value="13"/>
      <ShipDesign value="13" slots="3">
        <Name value="LF1"/>
        <Hull value="2" description="Large freighter"/>
        <Slot no="1" categoryid="1" itemid="14" itemcount="2" description="TGMScoop"/>
        <Slot no="2" categoryid="4096" itemid="2" itemcount="1" description="Cargo Pod"/>
        <Slot no="3" categoryid="4" itemid="5" itemcount="1" description="Bear Shield"/>
      </ShipDesign>
    </Player>
    <Player no="4">
      <RaceFile file="c:\stars\active\glacier2\Griffin.r1"/>
      <Energy value="11"/>
      <Weapons value="17"/>
      <Propulsion value="13"/>
      <Construction value="13"/>
      <Electronics value="11"/>
      <Biology value="4"/>
      <xShipDesign value="14" slots="7">
        <Name value="BC-1000-560-207"/>
        <Hull value="8" description="Dreadnaught"/>
        <Slot no="1" categoryid="1" itemid="12" itemcount="2" description="TGFScoop"/>
        <Slot no="2" categoryid="2048" itemid="12" itemcount="2" description="Energy Capacitors"/>
        <Slot no="3" categoryid="4096" itemid="7" itemcount="2" description="Jets"/>
        <Slot no="4" categoryid="16" itemid="7" itemcount="3" description="Colli"/>
        <Slot no="5" categoryid="16" itemid="7" itemcount="3" description="Colli"/>
        <Slot no="6" categoryid="16" itemid="7" itemcount="3" description="Colli"/>
        <Slot no="7" categoryid="4" itemid="5" itemcount="4" description="Bear shield"/>
      </xShipDesign>
    </Player>
    <Player no="8">
      <RaceFile file="c:\stars\active\glacier2\kmaru.r1"/>
      <Energy value="15"/>
      <Weapons value="13"/>
      <Propulsion value="13"/>
      <Construction value="17"/>
      <Electronics value="12"/>
      <Biology value="8"/>
    </Player>
    <Player no="11">
      <RaceFile file="c:\stars\active\glacier2\protoss.r1"/>
      <Energy value="11"/>
      <Weapons value="17"/>
      <Propulsion value="17"/>
      <Construction value="14"/>
      <Electronics value="11"/>
      <Biology value="8"/>
    </Player>
    <Player no="14">
      <RaceFile file="c:\stars\active\glacier2\Rushns.r1"/>
      <Energy value="11"/>
      <Weapons value="17"/>
      <Propulsion value="17"/>
      <Construction value="14"/>
      <Electronics value="11"/>
      <Biology value="8"/>
      <ShipDesign value="14" slots="4">
        <Name value="BC-1000-560-207"/>
        <Hull value="17" description="B-17 HaB"/>
        <Slot no="1" categoryid="1" itemid="14" itemcount="2" description="TGMScoop"/>
        <Slot no="2" categoryid="64" itemid="8" itemcount="4" description="HaB"/>
        <Slot no="3" categoryid="64" itemid="8" itemcount="4" description="HaB"/>
        <Slot no="4" categoryid="2048" itemid="2" itemcount="1" description="SS Cloak"/>
      </ShipDesign>
    </Player>
  </Game>
  <Game name="SixPack 3">
    <XYFile file="c:\stars\active\sixpack3.xy"/>
    <HFile file="c:\stars\active\sixpack3.H5"/>
    <MFile file="c:\stars\active\sixpack3.m5"/>
    <HSTFile file="c:\stars\active\sixpack3\sixpack3.hst"/>
    <xPlayer no="2">
      <xRaceFile file="c:\stars\active\sixpack3\OLYMPIAS.R1"/>
      <Energy value="14"/>
      <Weapons value="23"/>
      <Propulsion value="16"/>
      <Construction value="16"/>
      <Electronics value="11"/>
      <Biology value="7"/>
    </xPlayer>
  </Game>
  <Game name="HHG">
    <XYFile file="C:\hhg-source\hhg.xy"/>
    <HFile file="C:\hhg-source\hhg.H8"/>
    <MFile file="C:\hhg-source\hhg.m8"/>
    <HSTFile file="C:\hhg-created\hhg.hst"/>
    <xPlayer no="2">
      <xRaceFile file="c:\stars\active\sixpack3\OLYMPIAS.R1"/>
      <Energy value="14"/>
      <Weapons value="23"/>
      <Propulsion value="16"/>
      <Construction value="16"/>
      <Electronics value="11"/>
      <Biology value="7"/>
    </xPlayer>
  </Game>
  <Game name="Dozens">
    <XYFile  file="C:\MyApplications\StarsHostCreator\EGGAME12.XY"/>
    <HFile   file="C:\MyApplications\StarsHostCreator\EGGAME12.h7"/>
    <MFile   file="C:\MyApplications\StarsHostCreator\EGGAME12.m7"/>
    <HSTFile file="C:\MyApplications\StarsHostCreator\hst\egt.hst"/>
  </Game>
  <Game name="Babylon 5 - Player 4">
    <XYFile file="c:\stars\bab5v2\bab5v2.xy"/>
    <HFile file="c:\stars\bab5v2\bab5v2.h4"/>
    <MFile file="c:\stars\bab5v2\bab5v2.m4"/>
    <HSTFile file="c:\stars\bab5v2\hst\b.hst"/>
  </Game>
  <Game name="Slimdragon">
    <XYFile file="c:\stars\test\star.xy"/>
    <HFile file="c:\stars\test\star.m2"/>
    <MFile file="c:\stars\test\star.m2"/>
    <HSTFile file="c:\stars\test\hst\b.hst"/>
  </Game>
</Games>