<?xml version="1.0" standalone="yes"?>
<StarsUS>
  <Settings>
    <ExecutableName>C:\Documents and Settings\Paul\Desktop\noencrel\noencrel.exe</ExecutableName>
    <SetupFile>d:\stars\test\centre.def</SetupFile>
    <MaxAttempts>1</MaxAttempts>
    <ObserverRace>1</ObserverRace>
    <MinDistance>1</MinDistance>
    <MaxDistance>1000</MaxDistance>
    <DistanceRange>1000</DistanceRange>
    <MinPlanets>1</MinPlanets>
    <MaxPlanets>100</MaxPlanets>
    <PlanetRange>50</PlanetRange>
    <MinCentre>0</MinCentre>
    <MaxCentre>4000</MaxCentre>
    <CentreRange>100</CentreRange>
    <MinIron>30</MinIron>
    <MaxIron>700</MaxIron>
    <MinBora>30</MinBora>
    <MaxBora>700</MaxBora>
    <MinGerm>30</MinGerm>
    <MaxGerm>700</MaxGerm>
  </Settings>
</StarsUS>