﻿<?xml version="1.0" encoding="utf-8"?>
<Games>
  <Game name="Glacier 2">
    <XYFile file="c:\stars\glacier2\glr2.xy"/>
    <HFile file="c:\stars\glacier2\glr2.h1"/>
    <MFile file="c:\stars\glacier2\glr2.m1"/>
    <HSTFile file="c:\stars\glacier2\hst\g.hst"/>
    <Player no="6">
      <xRaceFile file="c:\stars\glacier2\hst\Jarrah.r1"/>
      <Energy value="10"/>
      <Weapons value="8"/>
      <Propulsion value="9"/>
      <Construction value="9"/>
      <Electronics value="5"/>
      <Biology value="4"/>
    </Player>
    <Player no="14">
      <RaceFile file="c:\stars\glacier2\hst\Rushns.r1"/>
      <Energy value="7"/>
      <Weapons value="10"/>
      <Propulsion value="9"/>
      <Construction value="9"/>
      <Electronics value="6"/>
      <Biology value="7"/>
    </Player>
    <Player no="15">
      <Energy value="7"/>
      <Weapons value="10"/>
      <Propulsion value="11"/>
      <Construction value="8"/>
      <Electronics value="1"/>
      <Biology value="6"/>
    </Player>
    <Player no="16">
      <RaceFile file="c:\stars\glacier2\hst\Thomid.r1"/>
      <Energy value="11"/>
      <Weapons value="11"/>
      <Propulsion value="10"/>
      <Construction value="11"/>
      <Electronics value="4"/>
      <Biology value="4"/>
    </Player>
    <player no="2">
      <ShipDesign value="1" slots="4">
        <Name value="Test Frigate"/>
        <Hull value="5" description="Frigate"/>
        <Slot no="1" categoryid="1" itemid="11" itemcount="1" description="SGF Scoop"/>
        <Slot no="4" categoryid="4" itemid="1" itemcount="2" description="Cow-hide Shield"/>
        <Slot no="3" categoryid="16" itemid="6" itemcount="3" description="Pulsed Sapper"/>
        <Slot no="2" categoryid="2" itemid="3" itemcount="1" description="DNA Scanner"/>
      </ShipDesign>
      <ShipDesign value="2" slots="7">
        <Name value="Test destroyer"/>
        <Hull value="6" description="Destroyer"/>
        <Slot no="1" categoryid="1" itemid="11" itemcount="1" description="SGF Scoop"/>
        <Slot no="6" categoryid="4096" itemid="1" itemcount="1" description="Orbital Construction Module"/>
        <Slot no="7" categoryid="2048" itemid="1" itemcount="1" description="Stealth Cloak"/>
        <Slot no="5" categoryid="8" itemid="1" itemcount="2" description="Crobmnium"/>
        <Slot no="2" categoryid="16" itemid="0" itemcount="1" description="Laser"/>
        <Slot no="3" categoryid="16" itemid="3" itemcount="1" description="Yak"/>
        <Slot no="4" categoryid="16" itemid="1" itemcount="1" description="XRay"/>
      </ShipDesign>
      <StarbaseDesign value="3" slots="5">
        <Name value="Test orbital fort"/>
        <Hull value="32"/>
        <Slot no="1" categoryid="512" itemid="0" itemcount="1" description="Stargate 100/250"/>
        <Slot no="2" categoryid="16" itemid="3" itemcount="2" description="Yak"/>
        <Slot no="3" categoryid="4" itemid="1" itemcount="3" description="Cow-hide Shield"/>
        <Slot no="4" categoryid="16" itemid="3" itemcount="4" description="Yak"/>
        <Slot no="5" categoryid="4" itemid="1" itemcount="5" description="Cow-hide Shield"/>
      </StarbaseDesign>
    </player>
  </Game>  <Game name="Babylon 5 - Player 4">
    <XYFile file="c:\stars\bab5v2\bab5v2.xy"/>
    <HFile file="c:\stars\bab5v2\bab5v2.h4"/>
    <MFile file="c:\stars\bab5v2\bab5v2.m4"/>
    <HSTFile file="c:\stars\bab5v2\hst\b.hst"/>
  </Game>
  <Game name="Test">
    <XYFile file="c:\stars\test\test.xy"/>
    <HFile file="c:\stars\test\test.h1"/>
    <MFile file="c:\stars\test\test.m1"/>
    <HSTFile file="c:\stars\test\hst\b.hst"/>
  </Game>
</Games>