<?xml version="1.0" standalone="yes"?>
<ItemCosts xmlns="http://tempuri.org/ItemCosts.xsd">
  <Items>
    <CategoryID>512</CategoryID>
    <ItemID>0</ItemID>
    <ItemName>Stargate 100/250</ItemName>
    <Ironium>100</Ironium>
    <Boranium>40</Boranium>
    <Germanium>40</Germanium>
    <Resources>400</Resources>
    <PropulsionLevel>5</PropulsionLevel>
    <ConstructionLevel>5</ConstructionLevel>
  </Items>
  <Items>
    <CategoryID>512</CategoryID>
    <ItemID>1</ItemID>
    <ItemName>Stargate Any/300</ItemName>
    <Ironium>100</Ironium>
    <Boranium>40</Boranium>
    <Germanium>40</Germanium>
    <Resources>500</Resources>
    <PropulsionLevel>6</PropulsionLevel>
    <ConstructionLevel>10</ConstructionLevel>
  </Items>
  <Items>
    <CategoryID>512</CategoryID>
    <ItemID>2</ItemID>
    <ItemName>Stargate 150/600</ItemName>
    <Ironium>100</Ironium>
    <Boranium>40</Boranium>
    <Germanium>40</Germanium>
    <Resources>1000</Resources>
    <PropulsionLevel>11</PropulsionLevel>
    <ConstructionLevel>7</ConstructionLevel>
  </Items>
  <Items>
    <CategoryID>512</CategoryID>
    <ItemID>3</ItemID>
    <ItemName>Stargate 300/500</ItemName>
    <Ironium>100</Ironium>
    <Boranium>40</Boranium>
    <Germanium>40</Germanium>
    <Resources>1200</Resources>
    <PropulsionLevel>9</PropulsionLevel>
    <ConstructionLevel>13</ConstructionLevel>
  </Items>
  <Items>
    <CategoryID>512</CategoryID>
    <ItemID>4</ItemID>
    <ItemName>Stargate 100/Any</ItemName>
    <Ironium>100</Ironium>
    <Boranium>40</Boranium>
    <Germanium>40</Germanium>
    <Resources>1400</Resources>
    <PropulsionLevel>16</PropulsionLevel>
    <ConstructionLevel>12</ConstructionLevel>
  </Items>
  <Items>
    <CategoryID>512</CategoryID>
    <ItemID>5</ItemID>
    <ItemName>Stargate Any/800</ItemName>
    <Ironium>100</Ironium>
    <Boranium>40</Boranium>
    <Germanium>40</Germanium>
    <Resources>1400</Resources>
    <PropulsionLevel>12</PropulsionLevel>
    <ConstructionLevel>18</ConstructionLevel>
  </Items>
  <Items>
    <CategoryID>512</CategoryID>
    <ItemID>6</ItemID>
    <ItemName>Stargate Any/Any</ItemName>
    <Ironium>100</Ironium>
    <Boranium>40</Boranium>
    <Germanium>40</Germanium>
    <Resources>1600</Resources>
    <PropulsionLevel>19</PropulsionLevel>
    <ConstructionLevel>24</ConstructionLevel>
  </Items>
  <Items>
    <CategoryID>512</CategoryID>
    <ItemID>7</ItemID>
    <ItemName>Mass Driver 5</ItemName>
    <Ironium>48</Ironium>
    <Boranium>40</Boranium>
    <Germanium>40</Germanium>
    <Resources>140</Resources>
    <EnergyLevel>4</EnergyLevel>
  </Items>
  <Items>
    <CategoryID>512</CategoryID>
    <ItemID>8</ItemID>
    <ItemName>Mass Driver 6</ItemName>
    <Ironium>48</Ironium>
    <Boranium>40</Boranium>
    <Germanium>40</Germanium>
    <Resources>288</Resources>
    <EnergyLevel>7</EnergyLevel>
  </Items>
  <Items>
    <CategoryID>512</CategoryID>
    <ItemID>9</ItemID>
    <ItemName>Mass Driver 7</ItemName>
    <Ironium>200</Ironium>
    <Boranium>200</Boranium>
    <Germanium>200</Germanium>
    <Resources>1024</Resources>
    <EnergyLevel>9</EnergyLevel>
  </Items>
  <Items>
    <CategoryID>512</CategoryID>
    <ItemID>10</ItemID>
    <ItemName>Super Driver 8</ItemName>
    <Ironium>48</Ironium>
    <Boranium>40</Boranium>
    <Germanium>40</Germanium>
    <Resources>512</Resources>
    <EnergyLevel>11</EnergyLevel>
  </Items>
  <Items>
    <CategoryID>512</CategoryID>
    <ItemID>11</ItemID>
    <ItemName>Super Driver 9</ItemName>
    <Ironium>48</Ironium>
    <Boranium>40</Boranium>
    <Germanium>40</Germanium>
    <Resources>648</Resources>
    <EnergyLevel>13</EnergyLevel>
  </Items>
  <Items>
    <CategoryID>512</CategoryID>
    <ItemID>12</ItemID>
    <ItemName>Ultra Driver 10</ItemName>
    <Ironium>200</Ironium>
    <Boranium>200</Boranium>
    <Germanium>200</Germanium>
    <Resources>1936</Resources>
    <EnergyLevel>15</EnergyLevel>
  </Items>
  <Items>
    <CategoryID>512</CategoryID>
    <ItemID>13</ItemID>
    <ItemName>Ultra Driver 11</ItemName>
    <Ironium>48</Ironium>
    <Boranium>40</Boranium>
    <Germanium>40</Germanium>
    <Resources>968</Resources>
    <EnergyLevel>17</EnergyLevel>
  </Items>
  <Items>
    <CategoryID>512</CategoryID>
    <ItemID>14</ItemID>
    <ItemName>Ultra Driver 12</ItemName>
    <Ironium>48</Ironium>
    <Boranium>40</Boranium>
    <Germanium>40</Germanium>
    <Resources>1152</Resources>
    <EnergyLevel>20</EnergyLevel>
  </Items>
  <Items>
    <CategoryID>512</CategoryID>
    <ItemID>15</ItemID>
    <ItemName>Ultra Driver 13</ItemName>
    <Ironium>48</Ironium>
    <Boranium>40</Boranium>
    <Germanium>40</Germanium>
    <Resources>1352</Resources>
    <EnergyLevel>24</EnergyLevel>
  </Items>
  <Items>
    <CategoryID>16</CategoryID>
    <ItemID>0</ItemID>
    <ItemName>Laser</ItemName>
  </Items>
  <Items>
    <CategoryID>16</CategoryID>
    <ItemID>1</ItemID>
    <ItemName>X-Ray Laser</ItemName>
  </Items>
  <Items>
    <CategoryID>16</CategoryID>
    <ItemID>2</ItemID>
    <ItemName>Mini Gun</ItemName>
  </Items>
  <Items>
    <CategoryID>16</CategoryID>
    <ItemID>3</ItemID>
    <ItemName>Yakimora Light Phaser</ItemName>
  </Items>
  <Items>
    <CategoryID>16</CategoryID>
    <ItemID>4</ItemID>
    <ItemName>Blackjack</ItemName>
  </Items>
  <Items>
    <CategoryID>16</CategoryID>
    <ItemID>5</ItemID>
    <ItemName>Phaser Bazooka</ItemName>
  </Items>
  <Items>
    <CategoryID>16</CategoryID>
    <ItemID>6</ItemID>
    <ItemName>Pulsed Sapper</ItemName>
  </Items>
  <Items>
    <CategoryID>16</CategoryID>
    <ItemID>7</ItemID>
    <ItemName>Colloidal Phaser</ItemName>
  </Items>
  <Items>
    <CategoryID>16</CategoryID>
    <ItemID>8</ItemID>
    <ItemName>Gatling Gun</ItemName>
  </Items>
  <Items>
    <CategoryID>16</CategoryID>
    <ItemID>9</ItemID>
    <ItemName>Mini Blaster</ItemName>
  </Items>
  <Items>
    <CategoryID>16</CategoryID>
    <ItemID>10</ItemID>
    <ItemName>Bludgeon</ItemName>
  </Items>
  <Items>
    <CategoryID>16</CategoryID>
    <ItemID>11</ItemID>
    <ItemName>Mark IV Blaster</ItemName>
  </Items>
  <Items>
    <CategoryID>16</CategoryID>
    <ItemID>12</ItemID>
    <ItemName>Phased Sapper</ItemName>
  </Items>
  <Items>
    <CategoryID>16</CategoryID>
    <ItemID>13</ItemID>
    <ItemName>Heavy Blaster</ItemName>
  </Items>
  <Items>
    <CategoryID>16</CategoryID>
    <ItemID>14</ItemID>
    <ItemName>Gatling Neutrino Cannon</ItemName>
  </Items>
  <Items>
    <CategoryID>16</CategoryID>
    <ItemID>15</ItemID>
    <ItemName>Myopic Disruptor</ItemName>
  </Items>
  <Items>
    <CategoryID>16</CategoryID>
    <ItemID>16</ItemID>
    <ItemName>Blunderbuss</ItemName>
  </Items>
  <Items>
    <CategoryID>16</CategoryID>
    <ItemID>17</ItemID>
    <ItemName>Disruptor</ItemName>
  </Items>
  <Items>
    <CategoryID>16</CategoryID>
    <ItemID>18</ItemID>
    <ItemName>Multi Contained Munition</ItemName>
  </Items>
  <Items>
    <CategoryID>16</CategoryID>
    <ItemID>19</ItemID>
    <ItemName>Syncro Sapper</ItemName>
  </Items>
  <Items>
    <CategoryID>16</CategoryID>
    <ItemID>20</ItemID>
    <ItemName>Mega Disruptor</ItemName>
  </Items>
  <Items>
    <CategoryID>16</CategoryID>
    <ItemID>21</ItemID>
    <ItemName>Big Mutha Cannon</ItemName>
  </Items>
  <Items>
    <CategoryID>16</CategoryID>
    <ItemID>22</ItemID>
    <ItemName>Streaming Pulverizer</ItemName>
  </Items>
  <Items>
    <CategoryID>32</CategoryID>
    <ItemID>0</ItemID>
    <ItemName>Alpha Torpedo</ItemName>
  </Items>
  <Items>
    <CategoryID>32</CategoryID>
    <ItemID>1</ItemID>
    <ItemName>Beta Torpedo</ItemName>
  </Items>
  <Items>
    <CategoryID>32</CategoryID>
    <ItemID>2</ItemID>
    <ItemName>Delta Torpedo</ItemName>
  </Items>
  <Items>
    <CategoryID>32</CategoryID>
    <ItemID>3</ItemID>
    <ItemName>Epsilon Torpedo</ItemName>
  </Items>
  <Items>
    <CategoryID>32</CategoryID>
    <ItemID>4</ItemID>
    <ItemName>Rho Torpedo</ItemName>
  </Items>
  <Items>
    <CategoryID>32</CategoryID>
    <ItemID>5</ItemID>
    <ItemName>Upsilon Torpedo</ItemName>
  </Items>
  <Items>
    <CategoryID>32</CategoryID>
    <ItemID>6</ItemID>
    <ItemName>Omega Torpedo</ItemName>
  </Items>
  <Items>
    <CategoryID>32</CategoryID>
    <ItemID>7</ItemID>
    <ItemName>Anti Matter Torpedo</ItemName>
    <Ironium>3</Ironium>
    <Boranium>8</Boranium>
    <Germanium>1</Germanium>
    <Resources>50</Resources>
    <WeaponsLevel>11</WeaponsLevel>
    <PropulsionLevel>12</PropulsionLevel>
    <BiologyLevel>21</BiologyLevel>
    <Mass>8</Mass>
  </Items>
  <Items>
    <CategoryID>32</CategoryID>
    <ItemID>8</ItemID>
    <ItemName>Jihad Missile</ItemName>
  </Items>
  <Items>
    <CategoryID>32</CategoryID>
    <ItemID>9</ItemID>
    <ItemName>Juggernaut Missile</ItemName>
  </Items>
  <Items>
    <CategoryID>32</CategoryID>
    <ItemID>10</ItemID>
    <ItemName>Doomsday Missile</ItemName>
  </Items>
  <Items>
    <CategoryID>32</CategoryID>
    <ItemID>11</ItemID>
    <ItemName>Armageddon Missile</ItemName>
  </Items>
  <Items>
    <CategoryID>64</CategoryID>
    <ItemID>0</ItemID>
    <ItemName>Lady Finger Bomb</ItemName>
  </Items>
  <Items>
    <CategoryID>64</CategoryID>
    <ItemID>1</ItemID>
    <ItemName>Black Cat Bomb</ItemName>
  </Items>
  <Items>
    <CategoryID>64</CategoryID>
    <ItemID>2</ItemID>
    <ItemName>M-70 Bomb</ItemName>
  </Items>
  <Items>
    <CategoryID>64</CategoryID>
    <ItemID>3</ItemID>
    <ItemName>M-80 Bomb</ItemName>
  </Items>
  <Items>
    <CategoryID>64</CategoryID>
    <ItemID>4</ItemID>
    <ItemName>Cherry Bomb</ItemName>
  </Items>
  <Items>
    <CategoryID>64</CategoryID>
    <ItemID>5</ItemID>
    <ItemName>LBU-17 Bomb</ItemName>
  </Items>
  <Items>
    <CategoryID>64</CategoryID>
    <ItemID>6</ItemID>
    <ItemName>LBU-32 Bomb</ItemName>
  </Items>
  <Items>
    <CategoryID>64</CategoryID>
    <ItemID>7</ItemID>
    <ItemName>LBU-74 Bomb</ItemName>
  </Items>
  <Items>
    <CategoryID>64</CategoryID>
    <ItemID>8</ItemID>
    <ItemName>Hush-a-Boom</ItemName>
  </Items>
  <Items>
    <CategoryID>64</CategoryID>
    <ItemID>9</ItemID>
    <ItemName>Retro Bomb</ItemName>
  </Items>
  <Items>
    <CategoryID>64</CategoryID>
    <ItemID>10</ItemID>
    <ItemName>Smart Bomb</ItemName>
  </Items>
  <Items>
    <CategoryID>64</CategoryID>
    <ItemID>11</ItemID>
    <ItemName>Neutron Bomb</ItemName>
  </Items>
  <Items>
    <CategoryID>64</CategoryID>
    <ItemID>12</ItemID>
    <ItemName>Enriched Neutron Bomb</ItemName>
  </Items>
  <Items>
    <CategoryID>64</CategoryID>
    <ItemID>13</ItemID>
    <ItemName>Peerless Bomb</ItemName>
  </Items>
  <Items>
    <CategoryID>64</CategoryID>
    <ItemID>14</ItemID>
    <ItemName>Annihilator Bomb</ItemName>
  </Items>
  <Items>
    <CategoryID>128</CategoryID>
    <ItemID>0</ItemID>
    <ItemName>Robo-Midget Miner</ItemName>
  </Items>
  <Items>
    <CategoryID>128</CategoryID>
    <ItemID>1</ItemID>
    <ItemName>Robo-Mini-Miner</ItemName>
  </Items>
  <Items>
    <CategoryID>128</CategoryID>
    <ItemID>2</ItemID>
    <ItemName>Robo-Miner</ItemName>
  </Items>
  <Items>
    <CategoryID>128</CategoryID>
    <ItemID>3</ItemID>
    <ItemName>Robo-Maxi-Miner</ItemName>
  </Items>
  <Items>
    <CategoryID>128</CategoryID>
    <ItemID>4</ItemID>
    <ItemName>Robo-Super-Miner</ItemName>
  </Items>
  <Items>
    <CategoryID>128</CategoryID>
    <ItemID>5</ItemID>
    <ItemName>Robo-Ultra-Miner</ItemName>
  </Items>
  <Items>
    <CategoryID>128</CategoryID>
    <ItemID>6</ItemID>
    <ItemName>Alien Miner</ItemName>
  </Items>
  <Items>
    <CategoryID>128</CategoryID>
    <ItemID>7</ItemID>
    <ItemName>Orbital Adjuster</ItemName>
  </Items>
  <Items>
    <CategoryID>256</CategoryID>
    <ItemID>0</ItemID>
    <ItemName>Mine Dispenser 40</ItemName>
  </Items>
  <Items>
    <CategoryID>256</CategoryID>
    <ItemID>1</ItemID>
    <ItemName>Mine Dispenser 50</ItemName>
  </Items>
  <Items>
    <CategoryID>256</CategoryID>
    <ItemID>2</ItemID>
    <ItemName>Mine Dispenser 80</ItemName>
  </Items>
  <Items>
    <CategoryID>256</CategoryID>
    <ItemID>3</ItemID>
    <ItemName>Mine Dispenser 130</ItemName>
  </Items>
  <Items>
    <CategoryID>256</CategoryID>
    <ItemID>4</ItemID>
    <ItemName>Heavy Dispenser 50</ItemName>
  </Items>
  <Items>
    <CategoryID>256</CategoryID>
    <ItemID>5</ItemID>
    <ItemName>Heavy Dispenser 110</ItemName>
  </Items>
  <Items>
    <CategoryID>256</CategoryID>
    <ItemID>6</ItemID>
    <ItemName>Heavy Dispenser 200</ItemName>
  </Items>
  <Items>
    <CategoryID>256</CategoryID>
    <ItemID>7</ItemID>
    <ItemName>Speed Trap 20</ItemName>
  </Items>
  <Items>
    <CategoryID>256</CategoryID>
    <ItemID>8</ItemID>
    <ItemName>Speed Trap 30</ItemName>
  </Items>
  <Items>
    <CategoryID>256</CategoryID>
    <ItemID>9</ItemID>
    <ItemName>Speed Trap 50</ItemName>
  </Items>
  <Items>
    <CategoryID>4096</CategoryID>
    <ItemID>0</ItemID>
    <ItemName>Colonization Module</ItemName>
  </Items>
  <Items>
    <CategoryID>4096</CategoryID>
    <ItemID>1</ItemID>
    <ItemName>Orbital Construction Module</ItemName>
  </Items>
  <Items>
    <CategoryID>4096</CategoryID>
    <ItemID>2</ItemID>
    <ItemName>Cargo Pod</ItemName>
  </Items>
  <Items>
    <CategoryID>4096</CategoryID>
    <ItemID>3</ItemID>
    <ItemName>Super Cargo Pod</ItemName>
  </Items>
  <Items>
    <CategoryID>4096</CategoryID>
    <ItemID>4</ItemID>
    <ItemName>Multi Cargo Pod</ItemName>
  </Items>
  <Items>
    <CategoryID>4096</CategoryID>
    <ItemID>5</ItemID>
    <ItemName>Fuel Tank</ItemName>
    <FuelTank>250</FuelTank>
  </Items>
  <Items>
    <CategoryID>4096</CategoryID>
    <ItemID>6</ItemID>
    <ItemName>Super Fuel Tank</ItemName>
  </Items>
  <Items>
    <CategoryID>4096</CategoryID>
    <ItemID>7</ItemID>
    <ItemName>Maneuvering Jet</ItemName>
  </Items>
  <Items>
    <CategoryID>4096</CategoryID>
    <ItemID>8</ItemID>
    <ItemName>Overthruster</ItemName>
  </Items>
  <Items>
    <CategoryID>4096</CategoryID>
    <ItemID>9</ItemID>
    <ItemName>Jumpgate</ItemName>
  </Items>
  <Items>
    <CategoryID>4096</CategoryID>
    <ItemID>10</ItemID>
    <ItemName>Beam Deflector</ItemName>
  </Items>
  <Items>
    <CategoryID>2048</CategoryID>
    <ItemID>0</ItemID>
    <ItemName>Transport Cloaking</ItemName>
  </Items>
  <Items>
    <CategoryID>2048</CategoryID>
    <ItemID>1</ItemID>
    <ItemName>Stealth Cloak</ItemName>
  </Items>
  <Items>
    <CategoryID>2048</CategoryID>
    <ItemID>2</ItemID>
    <ItemName>Super Stealth Cloak</ItemName>
  </Items>
  <Items>
    <CategoryID>2048</CategoryID>
    <ItemID>3</ItemID>
    <ItemName>Ultra Stealth Cloak</ItemName>
  </Items>
  <Items>
    <CategoryID>2048</CategoryID>
    <ItemID>4</ItemID>
    <ItemName>Multi Function Pod</ItemName>
  </Items>
  <Items>
    <CategoryID>2048</CategoryID>
    <ItemID>5</ItemID>
    <ItemName>Battle Computer</ItemName>
  </Items>
  <Items>
    <CategoryID>2048</CategoryID>
    <ItemID>6</ItemID>
    <ItemName>Battle Super Computer</ItemName>
  </Items>
  <Items>
    <CategoryID>2048</CategoryID>
    <ItemID>7</ItemID>
    <ItemName>Battle Nexus</ItemName>
  </Items>
  <Items>
    <CategoryID>2048</CategoryID>
    <ItemID>8</ItemID>
    <ItemName>Jammer 10</ItemName>
  </Items>
  <Items>
    <CategoryID>2048</CategoryID>
    <ItemID>9</ItemID>
    <ItemName>Jammer 20</ItemName>
  </Items>
  <Items>
    <CategoryID>2048</CategoryID>
    <ItemID>10</ItemID>
    <ItemName>Jammer 30</ItemName>
  </Items>
  <Items>
    <CategoryID>2048</CategoryID>
    <ItemID>11</ItemID>
    <ItemName>Jammer 50</ItemName>
  </Items>
  <Items>
    <CategoryID>2048</CategoryID>
    <ItemID>12</ItemID>
    <ItemName>Energy Capacitor</ItemName>
  </Items>
  <Items>
    <CategoryID>2048</CategoryID>
    <ItemID>13</ItemID>
    <ItemName>Flux Capacitor</ItemName>
  </Items>
  <Items>
    <CategoryID>2048</CategoryID>
    <ItemID>14</ItemID>
    <ItemName>Energy Dampener</ItemName>
  </Items>
  <Items>
    <CategoryID>2048</CategoryID>
    <ItemID>15</ItemID>
    <ItemName>Tachyon Detector</ItemName>
  </Items>
  <Items>
    <CategoryID>2048</CategoryID>
    <ItemID>16</ItemID>
    <ItemName>Anti-matter Generator</ItemName>
    <FuelTank>200</FuelTank>
    <FuelGenerated>50</FuelGenerated>
  </Items>
  <Items>
    <CategoryID>4</CategoryID>
    <ItemID>0</ItemID>
    <ItemName>Mole-skin Shield</ItemName>
  </Items>
  <Items>
    <CategoryID>4</CategoryID>
    <ItemID>1</ItemID>
    <ItemName>Cow-hide Shield</ItemName>
  </Items>
  <Items>
    <CategoryID>4</CategoryID>
    <ItemID>2</ItemID>
    <ItemName>Wolverine Diffuse Shield</ItemName>
  </Items>
  <Items>
    <CategoryID>4</CategoryID>
    <ItemID>3</ItemID>
    <ItemName>Croby Sharmor</ItemName>
  </Items>
  <Items>
    <CategoryID>4</CategoryID>
    <ItemID>4</ItemID>
    <ItemName>Shadow Shield</ItemName>
  </Items>
  <Items>
    <CategoryID>4</CategoryID>
    <ItemID>5</ItemID>
    <ItemName>Bear Neutrino Barrier</ItemName>
  </Items>
  <Items>
    <CategoryID>4</CategoryID>
    <ItemID>6</ItemID>
    <ItemName>Langston Shell</ItemName>
  </Items>
  <Items>
    <CategoryID>4</CategoryID>
    <ItemID>7</ItemID>
    <ItemName>Gorilla Delegator</ItemName>
  </Items>
  <Items>
    <CategoryID>4</CategoryID>
    <ItemID>8</ItemID>
    <ItemName>Elephant Hide Fortress</ItemName>
  </Items>
  <Items>
    <CategoryID>4</CategoryID>
    <ItemID>9</ItemID>
    <ItemName>Complete Phase Shield</ItemName>
  </Items>
  <Items>
    <CategoryID>2</CategoryID>
    <ItemID>0</ItemID>
    <ItemName>Bat Scanner</ItemName>
    <NormalScanRange>0</NormalScanRange>
  </Items>
  <Items>
    <CategoryID>2</CategoryID>
    <ItemID>1</ItemID>
    <ItemName>Rhino Scanner</ItemName>
    <NormalScanRange>50</NormalScanRange>
  </Items>
  <Items>
    <CategoryID>2</CategoryID>
    <ItemID>2</ItemID>
    <ItemName>Mole Scanner</ItemName>
    <NormalScanRange>100</NormalScanRange>
  </Items>
  <Items>
    <CategoryID>2</CategoryID>
    <ItemID>3</ItemID>
    <ItemName>DNA Scanner</ItemName>
    <NormalScanRange>125</NormalScanRange>
  </Items>
  <Items>
    <CategoryID>2</CategoryID>
    <ItemID>4</ItemID>
    <ItemName>Possum Scanner</ItemName>
    <NormalScanRange>150</NormalScanRange>
  </Items>
  <Items>
    <CategoryID>2</CategoryID>
    <ItemID>5</ItemID>
    <ItemName>Pick Pocket Scanner</ItemName>
    <NormalScanRange>80</NormalScanRange>
  </Items>
  <Items>
    <CategoryID>2</CategoryID>
    <ItemID>6</ItemID>
    <ItemName>Chameleon Scanner</ItemName>
    <NormalScanRange>160</NormalScanRange>
    <PenScanRange>45</PenScanRange>
  </Items>
  <Items>
    <CategoryID>2</CategoryID>
    <ItemID>7</ItemID>
    <ItemName>Ferret Scanner</ItemName>
    <NormalScanRange>185</NormalScanRange>
    <PenScanRange>50</PenScanRange>
  </Items>
  <Items>
    <CategoryID>2</CategoryID>
    <ItemID>8</ItemID>
    <ItemName>Dolphin Scanner</ItemName>
    <NormalScanRange>220</NormalScanRange>
    <PenScanRange>100</PenScanRange>
  </Items>
  <Items>
    <CategoryID>2</CategoryID>
    <ItemID>9</ItemID>
    <ItemName>Gazelle Scanner</ItemName>
    <NormalScanRange>225</NormalScanRange>
  </Items>
  <Items>
    <CategoryID>2</CategoryID>
    <ItemID>10</ItemID>
    <ItemName>RNA Scanner</ItemName>
    <NormalScanRange>230</NormalScanRange>
  </Items>
  <Items>
    <CategoryID>2</CategoryID>
    <ItemID>11</ItemID>
    <ItemName>Cheetah Scanner</ItemName>
    <NormalScanRange>275</NormalScanRange>
  </Items>
  <Items>
    <CategoryID>2</CategoryID>
    <ItemID>12</ItemID>
    <ItemName>Elephant Scanner</ItemName>
    <NormalScanRange>300</NormalScanRange>
    <PenScanRange>200</PenScanRange>
  </Items>
  <Items>
    <CategoryID>2</CategoryID>
    <ItemID>13</ItemID>
    <ItemName>Eagle Eye Scanner</ItemName>
    <NormalScanRange>335</NormalScanRange>
  </Items>
  <Items>
    <CategoryID>2</CategoryID>
    <ItemID>14</ItemID>
    <ItemName>Robber Baron Scanner</ItemName>
    <NormalScanRange>220</NormalScanRange>
    <PenScanRange>120</PenScanRange>
  </Items>
  <Items>
    <CategoryID>2</CategoryID>
    <ItemID>15</ItemID>
    <ItemName>Peerless Scanner</ItemName>
    <NormalScanRange>500</NormalScanRange>
  </Items>
  <Items>
    <CategoryID>8</CategoryID>
    <ItemID>0</ItemID>
    <ItemName>Tritanium</ItemName>
  </Items>
  <Items>
    <CategoryID>8</CategoryID>
    <ItemID>1</ItemID>
    <ItemName>Crobminium</ItemName>
  </Items>
  <Items>
    <CategoryID>8</CategoryID>
    <ItemID>2</ItemID>
    <ItemName>Carbonic Armor</ItemName>
  </Items>
  <Items>
    <CategoryID>8</CategoryID>
    <ItemID>3</ItemID>
    <ItemName>Strobnium</ItemName>
  </Items>
  <Items>
    <CategoryID>8</CategoryID>
    <ItemID>4</ItemID>
    <ItemName>Organic Armor</ItemName>
  </Items>
  <Items>
    <CategoryID>8</CategoryID>
    <ItemID>5</ItemID>
    <ItemName>Kelarium</ItemName>
  </Items>
  <Items>
    <CategoryID>8</CategoryID>
    <ItemID>6</ItemID>
    <ItemName>Fielded Kelarium</ItemName>
  </Items>
  <Items>
    <CategoryID>8</CategoryID>
    <ItemID>7</ItemID>
    <ItemName>Depleted Neutronium</ItemName>
  </Items>
  <Items>
    <CategoryID>8</CategoryID>
    <ItemID>8</ItemID>
    <ItemName>Neutronium</ItemName>
  </Items>
  <Items>
    <CategoryID>8</CategoryID>
    <ItemID>9</ItemID>
    <ItemName>Mega Poly Shell</ItemName>
    <Ironium>18</Ironium>
    <Boranium>6</Boranium>
    <Germanium>6</Germanium>
    <Resources>65</Resources>
    <EnergyLevel>14</EnergyLevel>
    <ConstructionLevel>14</ConstructionLevel>
    <ElectronicsLevel>14</ElectronicsLevel>
    <BiologyLevel>6</BiologyLevel>
    <Mass>20</Mass>
    <NormalScanRange>80</NormalScanRange>
    <PenScanRange>40</PenScanRange>
  </Items>
  <Items>
    <CategoryID>8</CategoryID>
    <ItemID>10</ItemID>
    <ItemName>Valanium</ItemName>
  </Items>
  <Items>
    <CategoryID>8</CategoryID>
    <ItemID>11</ItemID>
    <ItemName>Superlatinum</ItemName>
  </Items>
  <Items>
    <CategoryID>1</CategoryID>
    <ItemID>0</ItemID>
    <ItemName>Settlers Delight</ItemName>
  </Items>
  <Items>
    <CategoryID>1</CategoryID>
    <ItemID>1</ItemID>
    <ItemName>Quick Jump 5</ItemName>
  </Items>
  <Items>
    <CategoryID>1</CategoryID>
    <ItemID>2</ItemID>
    <ItemName>Fuel Mizer</ItemName>
  </Items>
  <Items>
    <CategoryID>1</CategoryID>
    <ItemID>3</ItemID>
    <ItemName>Long Hump 6</ItemName>
  </Items>
  <Items>
    <CategoryID>1</CategoryID>
    <ItemID>4</ItemID>
    <ItemName>Daddy Long Legs 7</ItemName>
  </Items>
  <Items>
    <CategoryID>1</CategoryID>
    <ItemID>5</ItemID>
    <ItemName>Alpha Drive 8</ItemName>
  </Items>
  <Items>
    <CategoryID>1</CategoryID>
    <ItemID>6</ItemID>
    <ItemName>Trans Galactic Drive</ItemName>
  </Items>
  <Items>
    <CategoryID>1</CategoryID>
    <ItemID>7</ItemID>
    <ItemName>Interspace 10</ItemName>
  </Items>
  <Items>
    <CategoryID>1</CategoryID>
    <ItemID>8</ItemID>
    <ItemName>Enigma Pulsar</ItemName>
  </Items>
  <Items>
    <CategoryID>1</CategoryID>
    <ItemID>9</ItemID>
    <ItemName>Trans Star 10</ItemName>
  </Items>
  <Items>
    <CategoryID>1</CategoryID>
    <ItemID>10</ItemID>
    <ItemName>Radiating Hydro Ramscoop</ItemName>
  </Items>
  <Items>
    <CategoryID>1</CategoryID>
    <ItemID>11</ItemID>
    <ItemName>Sub Galactic Fuel Scoop</ItemName>
  </Items>
  <Items>
    <CategoryID>1</CategoryID>
    <ItemID>12</ItemID>
    <ItemName>Trans Galactic Fuel Scoop</ItemName>
  </Items>
  <Items>
    <CategoryID>1</CategoryID>
    <ItemID>13</ItemID>
    <ItemName>Trans Galactic Super Scoop</ItemName>
  </Items>
  <Items>
    <CategoryID>1</CategoryID>
    <ItemID>14</ItemID>
    <ItemName>Trans Galactic Mizer Scoop</ItemName>
  </Items>
  <Items>
    <CategoryID>1</CategoryID>
    <ItemID>15</ItemID>
    <ItemName>Galaxy Scoop</ItemName>
  </Items>
  <Items>
    <CategoryID>0</CategoryID>
    <ItemID>0</ItemID>
    <ItemName>Small Freighter</ItemName>
    <Mass>25</Mass>
    <FuelTank>130</FuelTank>
  </Items>
  <Items>
    <CategoryID>0</CategoryID>
    <ItemID>1</ItemID>
    <ItemName>Medium Freighter</ItemName>
    <Mass>60</Mass>
    <FuelTank>450</FuelTank>
  </Items>
  <Items>
    <CategoryID>0</CategoryID>
    <ItemID>2</ItemID>
    <ItemName>Large Freighter</ItemName>
    <Mass>125</Mass>
    <FuelTank>2600</FuelTank>
  </Items>
  <Items>
    <CategoryID>0</CategoryID>
    <ItemID>3</ItemID>
    <ItemName>Super Freighter</ItemName>
    <Mass>175</Mass>
    <FuelTank>8000</FuelTank>
  </Items>
  <Items>
    <CategoryID>0</CategoryID>
    <ItemID>4</ItemID>
    <ItemName>Scout</ItemName>
    <Mass>8</Mass>
    <FuelTank>50</FuelTank>
  </Items>
  <Items>
    <CategoryID>0</CategoryID>
    <ItemID>5</ItemID>
    <ItemName>Frigate</ItemName>
    <Mass>8</Mass>
    <FuelTank>125</FuelTank>
  </Items>
  <Items>
    <CategoryID>0</CategoryID>
    <ItemID>6</ItemID>
    <ItemName>Destroyer</ItemName>
    <Mass>30</Mass>
    <FuelTank>280</FuelTank>
  </Items>
  <Items>
    <CategoryID>0</CategoryID>
    <ItemID>7</ItemID>
    <ItemName>Cruiser</ItemName>
    <Mass>90</Mass>
    <FuelTank>600</FuelTank>
  </Items>
  <Items>
    <CategoryID>0</CategoryID>
    <ItemID>8</ItemID>
    <ItemName>Battle Cruiser</ItemName>
    <Mass>120</Mass>
    <FuelTank>1400</FuelTank>
  </Items>
  <Items>
    <CategoryID>0</CategoryID>
    <ItemID>9</ItemID>
    <ItemName>Battleship</ItemName>
    <Mass>222</Mass>
    <FuelTank>2800</FuelTank>
  </Items>
  <Items>
    <CategoryID>0</CategoryID>
    <ItemID>10</ItemID>
    <ItemName>Dreadnought</ItemName>
    <Mass>250</Mass>
    <FuelTank>4500</FuelTank>
  </Items>
  <Items>
    <CategoryID>0</CategoryID>
    <ItemID>11</ItemID>
    <ItemName>Privateer</ItemName>
    <Mass>65</Mass>
    <FuelTank>650</FuelTank>
  </Items>
  <Items>
    <CategoryID>0</CategoryID>
    <ItemID>12</ItemID>
    <ItemName>Rogue</ItemName>
    <Mass>75</Mass>
    <FuelTank>2250</FuelTank>
  </Items>
  <Items>
    <CategoryID>0</CategoryID>
    <ItemID>13</ItemID>
    <ItemName>Galleon</ItemName>
    <Mass>125</Mass>
    <FuelTank>2500</FuelTank>
  </Items>
  <Items>
    <CategoryID>0</CategoryID>
    <ItemID>14</ItemID>
    <ItemName>Mini Colony Ship</ItemName>
    <Mass>8</Mass>
    <FuelTank>150</FuelTank>
  </Items>
  <Items>
    <CategoryID>0</CategoryID>
    <ItemID>15</ItemID>
    <ItemName>Colony Ship</ItemName>
    <Mass>20</Mass>
    <FuelTank>200</FuelTank>
  </Items>
  <Items>
    <CategoryID>0</CategoryID>
    <ItemID>16</ItemID>
    <ItemName>Mini Bomber</ItemName>
    <Mass>28</Mass>
    <FuelTank>120</FuelTank>
  </Items>
  <Items>
    <CategoryID>0</CategoryID>
    <ItemID>17</ItemID>
    <ItemName>B-17 Bomber</ItemName>
    <Mass>69</Mass>
    <FuelTank>400</FuelTank>
  </Items>
  <Items>
    <CategoryID>0</CategoryID>
    <ItemID>18</ItemID>
    <ItemName>Stealth Bomber</ItemName>
    <Mass>70</Mass>
    <FuelTank>750</FuelTank>
  </Items>
  <Items>
    <CategoryID>0</CategoryID>
    <ItemID>19</ItemID>
    <ItemName>B-52 Bomber</ItemName>
    <Mass>110</Mass>
    <FuelTank>750</FuelTank>
  </Items>
  <Items>
    <CategoryID>0</CategoryID>
    <ItemID>20</ItemID>
    <ItemName>Midget Miner</ItemName>
    <Mass>10</Mass>
    <FuelTank>210</FuelTank>
  </Items>
  <Items>
    <CategoryID>0</CategoryID>
    <ItemID>21</ItemID>
    <ItemName>Mini Miner</ItemName>
    <Mass>80</Mass>
    <FuelTank>210</FuelTank>
  </Items>
  <Items>
    <CategoryID>0</CategoryID>
    <ItemID>22</ItemID>
    <ItemName>Miner</ItemName>
    <Mass>110</Mass>
    <FuelTank>500</FuelTank>
  </Items>
  <Items>
    <CategoryID>0</CategoryID>
    <ItemID>23</ItemID>
    <ItemName>Maxi Miner</ItemName>
    <Mass>110</Mass>
    <FuelTank>850</FuelTank>
  </Items>
  <Items>
    <CategoryID>0</CategoryID>
    <ItemID>24</ItemID>
    <ItemName>Ultra Miner</ItemName>
    <Mass>100</Mass>
    <FuelTank>1300</FuelTank>
  </Items>
  <Items>
    <CategoryID>0</CategoryID>
    <ItemID>25</ItemID>
    <ItemName>Fuel Transport</ItemName>
    <Mass>12</Mass>
    <FuelTank>750</FuelTank>
    <FuelGenerated>200</FuelGenerated>
  </Items>
  <Items>
    <CategoryID>0</CategoryID>
    <ItemID>26</ItemID>
    <ItemName>Super Fuel Transport</ItemName>
    <Mass>111</Mass>
    <FuelTank>2250</FuelTank>
    <FuelGenerated>200</FuelGenerated>
  </Items>
  <Items>
    <CategoryID>0</CategoryID>
    <ItemID>27</ItemID>
    <ItemName>Mini Mine Layer</ItemName>
    <Mass>10</Mass>
    <FuelTank>400</FuelTank>
  </Items>
  <Items>
    <CategoryID>0</CategoryID>
    <ItemID>28</ItemID>
    <ItemName>Super Mine Layer</ItemName>
    <Mass>30</Mass>
    <FuelTank>2200</FuelTank>
  </Items>
  <Items>
    <CategoryID>0</CategoryID>
    <ItemID>29</ItemID>
    <ItemName>Nubian</ItemName>
    <Mass>100</Mass>
    <FuelTank>5000</FuelTank>
  </Items>
  <Items>
    <CategoryID>0</CategoryID>
    <ItemID>30</ItemID>
    <ItemName>Mini Morph</ItemName>
  </Items>
  <Items>
    <CategoryID>0</CategoryID>
    <ItemID>31</ItemID>
    <ItemName>Meta Morph</ItemName>
    <Mass>85</Mass>
  </Items>
  <Items>
    <CategoryID>0</CategoryID>
    <ItemID>32</ItemID>
    <ItemName>Orbital Fort</ItemName>
  </Items>
  <Items>
    <CategoryID>0</CategoryID>
    <ItemID>33</ItemID>
    <ItemName>Space Dock</ItemName>
  </Items>
  <Items>
    <CategoryID>0</CategoryID>
    <ItemID>34</ItemID>
    <ItemName>Space Station</ItemName>
  </Items>
  <Items>
    <CategoryID>0</CategoryID>
    <ItemID>35</ItemID>
    <ItemName>Ultra Station</ItemName>
  </Items>
  <Items>
    <CategoryID>0</CategoryID>
    <ItemID>36</ItemID>
    <ItemName>Death Star</ItemName>
  </Items>
</ItemCosts>